{"0.0": [0.2503903903903904, 0.2499199199199199, 0.2592692692692693, 0.250990990990991, 0.24914914914914912], "0.1": [0.2004904904904905, 0.18903903903903901, 0.006166166166166166, 0.05622622622622622, 0.12976976976976975], "0.2": [0.003923923923923924, 0.0396996996996997, 0.1256156156156156, 0.004384384384384384, 0.0], "0.30000000000000004": [0.0, 0.0, 0.038048048048048046, 0.0, 0.0032532532532532532], "0.4": [0.0, 0.0, 0.0, 0.0, 0.0], "0.5": [0.0, 0.0, 0.0, 0.0, 0.0], "0.6000000000000001": [0.0, 0.0, 0.0, 0.0, 0.0], "0.7000000000000001": [0.0, 0.0, 0.0, 0.0, 0.0], "0.8": [0.0, 0.0, 0.0, 0.0, 0.0], "0.9": [0.0, 0.0, 0.0, 0.0, 0.0], "1.0": [0.0, 0.0, 0.0, 0.0, 0.0]}