{"0.0": [0.25593353353353354, 0.2539931931931932, 0.2543103103103103, 0.253742942942943, 0.2550362362362363], "0.05": [0.22748268268268265, 0.2257997997997998, 0.22145745745745743, 0.2243295295295295, 0.2256996996996997], "0.1": [0.19498258258258258, 0.18986626626626626, 0.19835955955955956, 0.1930046046046046, 0.17914914914914915], "0.15000000000000002": [0.15113993993993996, 0.1452108108108108, 0.1587223223223223, 0.1414162162162162, 0.15247487487487488], "0.2": [0.12162082082082082, 0.09825265265265265, 0.11173093093093094, 0.09422942942942944, 0.09227227227227228], "0.25": [0.035633633633633637, 0.044323923923923925, 0.05871111111111111, 0.048834434434434436, 0.0014202202202202201], "0.30000000000000004": [0.002538138138138138, 0.0023787787787787787, 0.0003359359359359359, 0.00011571571571571571, 0.0004288288288288288], "0.35000000000000003": [0.0, 0.00018618618618618617, 4.244244244244244e-05, 0.00015415415415415414, 0.00026466466466466463], "0.4": [0.0, 0.0, 0.0, 0.0004624624624624625, 0.0], "0.45": [0.0, 0.0, 0.0, 0.0, 0.0], "0.5": [0.0, 0.0, 0.0, 0.0, 0.0], "0.55": [0.0, 0.0, 0.0, 0.0, 0.0], "0.6000000000000001": [0.0, 0.0, 0.0, 0.0, 0.0], "0.65": [0.0, 0.0, 0.0, 0.0, 0.0], "0.7000000000000001": [0.0, 0.0, 0.0, 0.0, 0.0], "0.75": [0.0, 0.0, 0.0, 0.0, 0.0], "0.8": [0.0, 0.0, 0.0, 0.0, 0.0], "0.8500000000000001": [0.0, 0.0, 0.0, 0.0, 0.0], "0.9": [0.0, 0.0, 0.0, 0.0, 0.0], "0.9500000000000001": [0.0, 0.0, 0.0, 0.0, 0.0], "1.0": [0.0, 0.0, 0.0, 0.0, 0.0]}